Puesto 1: Trine  Complete Story,Puesto 2: Angelica Weaver Catch Me When You Can,Puesto 3: DmC Devil May Cry,Puesto 4: Hotline Miami Soundtrack,Puesto 5: Ace Combat Assault Horizon  Enhanced Edition,Puesto 6: The Cave,Puesto 7: Strike Suit Zero,Puesto 8: Strike Suit Zero Soundtrack,Puesto 9: Borderlands  Siren Domination Pack,Puesto 10: Borderlands  Gunzerker Domination Pack,Puesto 11: Borderlands  Gunzerker Madness Pack,Puesto 12: Spectromancer Gathering of Power,Puesto 13: Borderlands  Commando Domination Pack,Puesto 14: Borderlands  Commando Supremacy Pack,Puesto 15: SpellForce   Faith in Destiny Scenario  The Golden Fool,Puesto 16: Rocksmith  The Strokes  Reptilia,Puesto 17: Gratuitous Space Battles The Outcasts,Puesto 18: Sins of a Solar Empire Rebellion  Original Soundtrack,Puesto 19: Fieldrunners ,Puesto 20: Train Simulator DB ICE  EMU AddOn,Puesto 21: Worms Ultimate Mayhem  Multiplayer Pack DLC,Puesto 22: F Race Stars  India Track,Puesto 23: Primal Fears,Puesto 24: F Race Stars  Canada Track,Puesto 25: F Race Stars  China Track,Puesto 26: Defense Grid Containment DLC
1.0,,,,,,,,,,,,,,,,,,,,,,,,,
,1.0,,,,,,,,,,,,,,,,,,,,,,,,
,,1.0,,,,,,,,,,,,,,,,,,,,,,,
,,,1.0,,,,,,,,,,,,,,,,,,,,,,
,,,,1.0,,,,,,,,,,,,,,,,,,,,,
,,,,,1.0,,,,,,,,,,,,,,,,,,,,
,,,,,,1.0,,,,,,,,,,,,,,,,,,,
,,,,,,,1.0,,,,,,,,,,,,,,,,,,
,,,,,,,,1.0,,,,,,,,,,,,,,,,,
,,,,,,,,,1.0,,,,,,,,,,,,,,,,
,,,,,,,,,,1.0,,,,,,,,,,,,,,,
,,,,,,,,,,,1.0,,,,,,,,,,,,,,
,,,,,,,,,,,,1.0,,,,,,,,,,,,,
,,,,,,,,,,,,,1.0,,,,,,,,,,,,
,,,,,,,,,,,,,,1.0,,,,,,,,,,,
,,,,,,,,,,,,,,,1.0,,,,,,,,,,
,,,,,,,,,,,,,,,,1.0,,,,,,,,,
,,,,,,,,,,,,,,,,,1.0,,,,,,,,
,,,,,,,,,,,,,,,,,,1.0,,,,,,,
,,,,,,,,,,,,,,,,,,,1.0,,,,,,
,,,,,,,,,,,,,,,,,,,,1.0,,,,,
,,,,,,,,,,,,,,,,,,,,,1.0,,,,
,,,,,,,,,,,,,,,,,,,,,,1.0,,,
,,,,,,,,,,,,,,,,,,,,,,,1.0,,
,,,,,,,,,,,,,,,,,,,,,,,,1.0,
,,,,,,,,,,,,,,,,,,,,,,,,,1.0
